<?xml version = "1.0" encoding = "ISO-8859-1"?>
<!DOCTYPE AppImage [
   <!ELEMENT AppImage (Page)+>
   <!ELEMENT Page (Label|Switch|Icon)*>
   <!ELEMENT Label (#PCDATA)>
   <!ELEMENT Switch  EMPTY>
   <!ELEMENT Icon  EMPTY>
   <!ATTLIST Icon
             x CDATA #REQUIRED
             y CDATA #REQUIRED>
]>

<AppImage>
   <Label x = "12" y = "8">Hof - was wei� ich denn...</Label>
   <Label x = "17" y = "16">Steckdose 1:</Label>
   <Switch x = "64" y = "16"/>
   <Label x = "17" y = "24">Steckdose 2:</Label>
   <Switch x = "64" y = "24"/>
   <Label x = "17" y = "32">Lampe 1:</Label>
   <Dimmer x = "64" y = "32"/>
   <Label x = "17" y = "40">Dimmer 2:</Label>
   <Dimmer x = "64" y = "40"/>
</AppImage>